{"matrix": [[0, 0, 0, 1, 0, 1, 1, 0, 0, 0], [0, 1, 0, 0, 0, 0, 0, 0, 0, 1], [0, 0, 0, 0, 1, 0, 1, 0, 0, 0], [1, 0, 0, 0, 0, 0, 0, 1, 0, 0], [0, 0, 1, 0, 1, 0, 0, 0, 0, 0], [1, 0, 0, 0, 0, 0, 0, 0, 0, 1], [1, 0, 1, 0, 0, 0, 1, 0, 0, 0], [0, 0, 0, 1, 0, 0, 0, 1, 0, 1], [0, 0, 0, 0, 0, 0, 0, 0, 0, 0], [0, 1, 0, 0, 0, 1, 0, 1, 0, 0]], "information": {"nodes": [0, 1, 2, 3, 4, 5, 6, 7, 8, 9], "name": "origin", "MI": 0.40274540274540294, "LA": 0.6545454545454545, "PR": 0.37777777777777777, "BW": 0.19999999999999996}}