{"matrix": [[1, 1, 1, 0, 0, 0, 0, 0, 0, 0], [1, 0, 0, 1, 1, 0, 0, 0, 0, 0], [1, 0, 0, 0, 0, 1, 1, 0, 0, 0], [0, 1, 0, 0, 0, 0, 0, 1, 0, 0], [0, 1, 0, 0, 0, 0, 0, 1, 0, 0], [0, 0, 1, 0, 0, 0, 0, 0, 1, 0], [0, 0, 1, 0, 0, 0, 0, 0, 1, 0], [0, 0, 0, 1, 1, 0, 0, 0, 0, 1], [0, 0, 0, 0, 0, 1, 1, 0, 0, 1], [0, 0, 0, 0, 0, 0, 0, 1, 1, 1]], "information": {"nodes": [0, 1, 2, 3, 4, 5, 6, 7, 8, 9], "name": "origin", "MI": 0.5613305613305614, "LA": 0.7692307692307692, "PR": 0.4666666666666667, "BW": 0.6}}